ALIMENTADOR;EMPRESA_ID
ALIMENTADOR;PERIODO_STAR
ALIMENTADOR;ALIMENTADOR_ID
ALIMENTADOR;NOMBRE_ALIMENTADOR
ALIMENTADOR;TENSION_NOMINAL
ALIMENTADOR;I_MAX
ALIMENTADOR;FH_I_MAX
ALIMENTADOR;RECONEXION_AUTOMATICA
ALIMENTADOR;REGULADOR_TENSION
ALIMENTADOR;RELE_BAJA_FRECUENCIA
ALIMENTADOR;FRECUENCIA_RELE
ALIMENTADOR;I_CC_TRIFASICO_CABECERA
ALIMENTADOR;CLIENTES_BT1
ALIMENTADOR;CLIENTES_OTROS_BT
ALIMENTADOR;CLIENTES_AT
ALIMENTADOR;CLIENTES_LIBRES
ALIMENTADOR;KVA_INSTALADOS_U
ALIMENTADOR;KVA_INSTALADOS_R1
ALIMENTADOR;ES_SUBALIMENTADOR
ALIMENTADOR;EMPRESA_SUMINISTRADORA_ID
ALIMENTADOR;ALIMENTADOR_SUMINISTRADOR_ID
ALIMENTADOR;PEEM_ID
ALIMENTADOR;KVA_INSTALADOS_R2
ALIMENTADOR_AFECTADO;EMPRESA_ID
ALIMENTADOR_AFECTADO;PERIODO_STAR
ALIMENTADOR_AFECTADO;INCIDENCIA_ID
ALIMENTADOR_AFECTADO;ALIMENTADOR_ID
ALIMENTADOR_AFECTADO;INTERRUPCION_ID
ALIMENTADOR_AFECTADO;KVA_INTERRUMPIDOS_U
ALIMENTADOR_AFECTADO;KVA_INTERRUMPIDOS_R1
ALIMENTADOR_AFECTADO;TOTAL_TRANFO_INT_U
ALIMENTADOR_AFECTADO;TOTAL_CLIENTES_INT
ALIMENTADOR_AFECTADO;TOTAL_TRAFO_INT_R1
ALIMENTADOR_AFECTADO;PEEM_ID
ALIMENTADOR_AFECTADO;KVA_INTERRUMPIDOS_R2
ALIMENTADOR_AFECTADO;TOTAL_TRAFO_INT_R2
ALIMENTADOR_INCIDENCIA;EMPRESA_ID
ALIMENTADOR_INCIDENCIA;PERIODO_STAR
ALIMENTADOR_INCIDENCIA;INCIDENCIA_ID
ALIMENTADOR_INCIDENCIA;ALIMENTADOR_ID
ALIMENTADOR_INCIDENCIA;NOMBRE_ALIMENTADOR
ALIMENTADOR_INCIDENCIA;TENSION_NOMINAL
ALIMENTADOR_INCIDENCIA;I_MAX
ALIMENTADOR_INCIDENCIA;FH_I_MAX
ALIMENTADOR_INCIDENCIA;RECONEXION_AUTOMATICA
ALIMENTADOR_INCIDENCIA;REGULADOR_TENSION
ALIMENTADOR_INCIDENCIA;RELE_BAJA_FRECUENCIA
ALIMENTADOR_INCIDENCIA;FRECUENCIA_RELE
ALIMENTADOR_INCIDENCIA;I_CC_TRIFASICO_CABECERA
ALIMENTADOR_INCIDENCIA;CLIENTES_BT1
ALIMENTADOR_INCIDENCIA;CLIENTES_OTROS_BT
ALIMENTADOR_INCIDENCIA;CLIENTES_AT
ALIMENTADOR_INCIDENCIA;CLIENTES_LIBRES
ALIMENTADOR_INCIDENCIA;ES_SUBALIMENTADOR
ALIMENTADOR_INCIDENCIA;ALIMENTADOR_SUMINISTRADOR_ID
ALIMENTADOR_INCIDENCIA;EMPRESA_SUMINISTRADORA_ID
ALIMENTADOR_INCIDENCIA;KVA_INSTALADOS_U
ALIMENTADOR_INCIDENCIA;KVA_INSTALADOS_R1
ALIMENTADOR_INCIDENCIA;PEEM_ID
ALIMENTADOR_INCIDENCIA;KVA_INSTALADOS_R2
ALIMENTADOR_REPOSICION;EMPRESA_ID
ALIMENTADOR_REPOSICION;PERIODO_STAR
ALIMENTADOR_REPOSICION;INCIDENCIA_ID
ALIMENTADOR_REPOSICION;ALIMENTADOR_ID
ALIMENTADOR_REPOSICION;INTERRUPCION_ID
ALIMENTADOR_REPOSICION;BLOQUE_REPOSICION_ID
ALIMENTADOR_REPOSICION;KVA_REPUESTOS_R1
ALIMENTADOR_REPOSICION;KVA_REPUESTOS_U
ALIMENTADOR_REPOSICION;PEEM_ID
ALIMENTADOR_REPOSICION;KVA_REPUESTOS_R2
ALIMENTADOR_UNICO_ID;EMPRESA_ID
ALIMENTADOR_UNICO_ID;ALIMENTADOR_ID
ALIMENTADOR_UNICO_ID;PERIODO_STAR
ALIMENTADOR_UNICO_ID;UNIQUE_ID
ALIMENTADOR_UNICO_ID;NOMBRE
ARCHIVO_STAR;NOMBRE
ARCHIVO_STAR;MODULO
ARCHIVO_STAR;OBLIGATORIO
ARCHIVO_STAR;TABLA
AVISO;EMPRESA_ID
AVISO;PERIODO_STAR
AVISO;INTERRUPCION_ID
AVISO;AVISO_ID
AVISO;TIPO_AVISO_ID
AVISO;PUNTO_SUMINISTRO_ID
AVISO;DESCRIPCION_AVISO
AVISO;PRESENTACION_ID
AVISO;PEEM_ID
A_TRAFOS_ASOC_ALIM;TRANSFORMADOR_ID
A_TRAFOS_ASOC_ALIM;NODO_IEC_ID
A_TRAFOS_ASOC_ALIM;ORIGEN_NODO_IEC_ID
A_TRAFOS_ASOC_ALIM;EMPRESA_ID
A_TRAFOS_ASOC_ALIM;PERIODO_STAR
A_TRAFOS_ASOC_ALIM;ALIMENTADOR_ID
A_TRAFOS_ASOC_ALIM;TIPO_RURALIDAD_ID
A_TRAFOS_ASOC_ALIM;KVA
BAJADA;EMPRESA_ID
BAJADA;PERIODO_STAR
BAJADA;BAJADA_ID
BAJADA;COMUNA_ID
BAJADA;NODO_IEC_ID
BAJADA;TIPO_PROPIEDAD_ID
BAJADA;EN_ZONA_CONCESION
BAJADA;CONECTADA_RED
BAJADA;IDENTIFICADOR_VNR
BAJADA;FECHA_INSTALACION
BAJADA;CODIGO_VNR
BAJADA;PEEM_ID
BCK_FBG_RESUMEN_CARGA;EMPRESA_ID
BCK_FBG_RESUMEN_CARGA;PERIODO_STAR
BCK_FBG_RESUMEN_CARGA;TABLA
BCK_FBG_RESUMEN_CARGA;REGISTROS_TEXTO
BCK_FBG_RESUMEN_CARGA;REGISTROS_CARGADOS
BCK_FBG_RESUMEN_CARGA;REGISTROS_RECHAZADOS
BCK_FBG_RESUMEN_CARGA;FECHA_INICIO
BCK_FBG_RESUMEN_CARGA;FECHA_TERMINO
BCK_FBG_RESUMEN_CARGA;NOMBRE_ARCHIVO
BLOQUE_REPOSICION;EMPRESA_ID
BLOQUE_REPOSICION;PERIODO_STAR
BLOQUE_REPOSICION;INTERRUPCION_ID
BLOQUE_REPOSICION;BLOQUE_REPOSICION_ID
BLOQUE_REPOSICION;INCIDENCIA_ID
BLOQUE_REPOSICION;EVENTORED_ID
BLOQUE_REPOSICION;DURACION
BLOQUE_REPOSICION;FH_TERMINO_BLOQUE
BLOQUE_REPOSICION;PEEM_ID
BOVEDA;EMPRESA_ID
BOVEDA;PERIODO_STAR
BOVEDA;BOVEDA_ID
BOVEDA;COMUNA_ID
BOVEDA;NODO_IEC_ID
BOVEDA;TIPO_PROPIEDAD_ID
BOVEDA;EN_ZONA_CONCESION
BOVEDA;CONECTADA_RED
BOVEDA;IDENTIFICADOR_VNR
BOVEDA;FECHA_INSTALACION
BOVEDA;CODIGO_VNR
BOVEDA;LARGO
BOVEDA;ANCHO
BOVEDA;PEEM_ID
CALIFICACION_INTERRUPCION;CALIFICACION_INTERRUPCION_ID
CALIFICACION_INTERRUPCION;DESCRIPCION
CAMARA;EMPRESA_ID
CAMARA;PERIODO_STAR
CAMARA;CAMARA_ID
CAMARA;COMUNA_ID
CAMARA;TIPO_TENSION_ID
CAMARA;NODO_IEC_ID
CAMARA;TIPO_PROPIEDAD_ID
CAMARA;EN_ZONA_CONCESION
CAMARA;CONECTADA_RED
CAMARA;IDENTIFICADOR_VNR
CAMARA;FECHA_INSTALACION
CAMARA;CODIGO_VNR
CAMARA;APOYO_COMUNICACIONES
CAMARA;APOYO_TV_CABLE
CAMARA;APOYO_ALUMBRADO
CAMARA;APOYO_OTROS
CAMARA;PEEM_ID
CANALIZACION;EMPRESA_ID
CANALIZACION;PERIODO_STAR
CANALIZACION;CANALIZACION_ID
CANALIZACION;COMUNA_ID
CANALIZACION;TIPO_TENSION_ID
CANALIZACION;TIPO_PROPIEDAD_ID
CANALIZACION;EN_ZONA_CONCESION
CANALIZACION;CONECTADA_RED
CANALIZACION;IDENTIFICADOR_VNR
CANALIZACION;FECHA_INSTALACION
CANALIZACION;CODIGO_VNR
CANALIZACION;PEEM_ID
CAUSA;CAUSA_ID
CAUSA;CLASIFICACION
CAUSA;DESCRIPCION
CAUSA;CALIFICACION_INTERRUPCION_ID
CGJ_INTERRUPCION_COMUNA;EMPRESA_ID
CGJ_INTERRUPCION_COMUNA;PERIODO_STAR
CGJ_INTERRUPCION_COMUNA;INTERRUPCION_ID
CGJ_INTERRUPCION_COMUNA;FH_INICIO_INTERRUPCION
CGJ_INTERRUPCION_COMUNA;CAUSA_ID
CGJ_INTERRUPCION_COMUNA;INCIDENCIA_ID
CGJ_INTERRUPCION_COMUNA;COMUNA_ID
CGJ_INT_CHILQUINTA;SIGLA
CGJ_INT_CHILQUINTA;PERIODO_STAR
CGJ_INT_CHILQUINTA;DESC_CALIFICACION_INT
CGJ_INT_CHILQUINTA;DESC_CAUSA
CGJ_INT_CHILQUINTA;COMUNA
CGJ_INT_CHILQUINTA;REGION
CGJ_INT_CHILQUINTA;CANTIDAD_PUNTOS_CONSUMO
CMC_COORD_PCONSUMO;EMPRESA_ID
CMC_COORD_PCONSUMO;PERIODO_STAR
CMC_COORD_PCONSUMO;PUNTO_CONSUMO_ID
CMC_COORD_PCONSUMO;NODO_IEC_ID
CMC_COORD_PCONSUMO;DATUM_ID
CMC_COORD_PCONSUMO;NOMBRE
CMC_COORD_PCONSUMO;ZONA_UTM
CMC_COORD_PCONSUMO;X
CMC_COORD_PCONSUMO;Y
CMC_NODO_MONOHIJO;CORRELATIVO
CMC_NODO_MONOHIJO;EMPRESA_ID
CMC_NODO_MONOHIJO;NODO_IEC_ID
CMC_NODO_MONOHIJO;CANTIDAD
CMC_NODO_MULTIHIJO;CORRELATIVO
CMC_NODO_MULTIHIJO;EMPRESA_ID
CMC_NODO_MULTIHIJO;NODO_IEC_ID
CMC_NODO_MULTIHIJO;CANTIDAD
COLMENA_250M_CHILE_LIMITE_COMU;OBJECTID
COLMENA_250M_CHILE_LIMITE_COMU;CROW
COLMENA_250M_CHILE_LIMITE_COMU;CCOL
COLMENA_250M_CHILE_LIMITE_COMU;COMUNA_ID
COLMENA_250M_CHILE_LIMITE_COMU;COMUNA_ID2
COLMENA_250M_CHILE_LIMITE_COMU;SHAPE_LENGTH
COLMENA_250M_CHILE_LIMITE_COMU;SHAPE_AREA
COLMENA_250M_CHILE_LIMITE_COMU;GEOM
COMUNA;COMUNA_ID
COMUNA;NOMBRE
COMUNA;PROVINCIA
COMUNA;REGION
CONEXION_NODO_IEC;EMPRESA_ID
CONEXION_NODO_IEC;PERIODO_STAR
CONEXION_NODO_IEC;NODO_IEC_ID_1
CONEXION_NODO_IEC;NODO_IEC_ID_2
CONEXION_NODO_IEC;TIPO_CONEXION_NODO_ID
CONEXION_NODO_IEC;PEEM_ID
CONEXION_NODO_IEC_CMC;EMPRESA_ID
CONEXION_NODO_IEC_CMC;PERIODO_STAR
CONEXION_NODO_IEC_CMC;NODO_IEC_ID_1
CONEXION_NODO_IEC_CMC;NODO_IEC_ID_2
CONEXION_NODO_IEC_CMC;TIPO_CONEXION_NODO_ID
CONEXION_NODO_IEC_CMC;CONEXION_TRAMO
CONEXION_NODO_INCIDENCIA;EMPRESA_ID
CONEXION_NODO_INCIDENCIA;PERIODO_STAR
CONEXION_NODO_INCIDENCIA;INCIDENCIA_ID
CONEXION_NODO_INCIDENCIA;NODO_INCIDENCIA_ID_1
CONEXION_NODO_INCIDENCIA;NODO_INCIDENCIA_ID_2
CONEXION_NODO_INCIDENCIA;PEEM_ID
CONS_CHILECTRA_PTO_TRAFO;PUNTO_CONSUMO_ID
CONS_CHILECTRA_PTO_TRAFO;TRANSFORMADOR_ID
CONS_CHILECTRA_PTO_TRAFO;CONSUMO
CONS_CHILECTRA_PTO_TRAFO;EMPRSA_ID
DATOS_CHILECTRA_INVIERNO;NRO
DATOS_CHILECTRA_INVIERNO;FECHA_INICIO
DATOS_CHILECTRA_INVIERNO;FECHA_TERMINO
DATOS_CHILECTRA_INVIERNO;CANTIDAD_INCIDENCIAS
DATUM;DATUM_ID
DATUM;NOMBRE
DESCRIPCION_EVENTO;EMPRESA_ID
DESCRIPCION_EVENTO;PERIODO_STAR
DESCRIPCION_EVENTO;INCIDENCIA_ID
DESCRIPCION_EVENTO;EVENTORED_ID
DESCRIPCION_EVENTO;DESCRIPCION_EVENTO_ID
DESCRIPCION_EVENTO;TEXTO
DESCRIPCION_EVENTO;PEEM_ID
DETALLE_INT_CHILECTRA_INV;INCIDENCIA_ID
DETALLE_INT_CHILECTRA_INV;FH_INICIO_INTERRUPCION
DETALLE_INT_CHILECTRA_INV;FH_TERMINO_BLOQUE
DETALLE_INT_CHILECTRA_INV;CAUSA_ID
DETALLE_INT_CHILECTRA_INV;EMPRESA_ID
DETALLE_INT_CHILECTRA_INV;PERIODO_STAR
DETALLE_INT_CHILECTRA_INV;INTERRUPCION_ID
DETALLE_INT_CHILECTRA_INV;BLOQUE_REPOSICION_ID
DM_INTERR_PTO_CONSUMO;EMPRESA_ID
DM_INTERR_PTO_CONSUMO;PUNTO_CONSUMO_ID
DM_INTERR_PTO_CONSUMO;INTERRUPCION_ID
DM_INTERR_PTO_CONSUMO;BLOQUE_REPOSICION_ID
DM_INTERR_PTO_CONSUMO;COMUNA_ID
DM_INTERR_PTO_CONSUMO;ALIMENTADOR_ID
DM_INTERR_PTO_CONSUMO;PERIODO_STAR
EMPALME;EMPRESA_ID
EMPALME;PERIODO_STAR
EMPALME;EMPALME_ID
EMPALME;COMUNA_ID
EMPALME;TIPO_PROPIEDAD_ID
EMPALME;EN_ZONA_CONCESION
EMPALME;CONECTADA_RED
EMPALME;IDENTIFICADOR_VNR
EMPALME;FECHA_INSTALACION
EMPALME;CODIGO_VNR
EMPALME;PEEM_ID
EMPRESA;EMPRESA_ID
EMPRESA;SIGLA
EMPRESA;NOMBRE
EMPRESA;GRUPO_ECONOMICO_ID
EMPRESA;TIPO_EMPRESA_ID
ENMALLE;EMPRESA_ID
ENMALLE;PERIODO_STAR
ENMALLE;ENMALLE_ID
ENMALLE;NODO_IEC_ID
ENMALLE;COMUNA_ID
ENMALLE;TIPO_TENSION_ID
ENMALLE;TIPO_PROPIEDAD_ID
ENMALLE;EN_ZONA_CONCESION
ENMALLE;CONECTADA_RED
ENMALLE;IDENTIFICADOR_VNR
ENMALLE;FECHA_INSTALACION
ENMALLE;CODIGO_VNR
ENMALLE;PEEM_ID
EQUIPO;EMPRESA_ID
EQUIPO;PERIODO_STAR
EQUIPO;EQUIPO_ID
EQUIPO;TIPO_EQUIPO_ID
EQUIPO;COMUNA_ID
EQUIPO;TIPO_SERVICIO_EQUIPO_ID
EQUIPO;TIPO_TENSION_ID
EQUIPO;NODO_IEC_ID
EQUIPO;NODO_ESQUEMATICO_ID
EQUIPO;TIPO_PROPIEDAD_ID
EQUIPO;EN_ZONA_CONCESION
EQUIPO;CONECTADA_RED
EQUIPO;IDENTIFICADOR_VNR
EQUIPO;FECHA_INSTALACION
EQUIPO;CODIGO_VNR
EQUIPO;ES_EQUIPO_SUBESTACION
EQUIPO;DENOMINACION
EQUIPO;NORMALMENTE_CERRADO
EQUIPO;PEEM_ID
EQUIPO;GIS_ID
EQUIPO_TOPOLOGIA;EMPRESA_ID
EQUIPO_TOPOLOGIA;PERIODO_STAR
EQUIPO_TOPOLOGIA;INCIDENCIA_ID
EQUIPO_TOPOLOGIA;EQUIPO_ID
EQUIPO_TOPOLOGIA;NODO_INCIDENCIA_ID
EQUIPO_TOPOLOGIA;COMUNA_ID
EQUIPO_TOPOLOGIA;TIPO_TENSION_ID
EQUIPO_TOPOLOGIA;TIPO_SERVICIO_EQUIPO_ID
EQUIPO_TOPOLOGIA;TIPO_EQUIPO_ID
EQUIPO_TOPOLOGIA;ACTIVO_INICIAL
EQUIPO_TOPOLOGIA;ACTIVO_FINAL
EQUIPO_TOPOLOGIA;CERRADO_INICIAL
EQUIPO_TOPOLOGIA;CERRADO_FINAL
EQUIPO_TOPOLOGIA;DENOMINACION
EQUIPO_TOPOLOGIA;PEEM_ID
ERRORES_CARGA;EMPRESA_ID
ERRORES_CARGA;PERIODO_STAR
ERRORES_CARGA;TABLA
ERRORES_CARGA;EXTRA_INFO
ERRORES_CARGA;NRO_LINEA
ERRORES_CARGA;DESCRIPCION_ERROR
ERRORES_CARGA;ERROR_CODE
ERRORES_CARGA_BACKUP;EMPRESA_ID
ERRORES_CARGA_BACKUP;PERIODO_STAR
ERRORES_CARGA_BACKUP;TABLA
ERRORES_CARGA_BACKUP;EXTRA_INFO
ERRORES_CARGA_BACKUP;NRO_LINEA
ERRORES_CARGA_BACKUP;DESCRIPCION_ERROR
ERRORES_CARGA_BACKUP;ERROR_CODE
ERRORES_EV;EMPRESA_ID
ERRORES_EV;PERIODO_STAR
ERRORES_EV;CANT
ERROR_FK;DESCRIPCION
ESTRUCTURA_BT;EMPRESA_ID
ESTRUCTURA_BT;PERIODO_STAR
ESTRUCTURA_BT;ESTRUCTURA_BT_ID
ESTRUCTURA_BT;COMUNA_ID
ESTRUCTURA_BT;NODO_IEC_ID
ESTRUCTURA_BT;TIPO_PROPIEDAD_ID
ESTRUCTURA_BT;EN_ZONA_CONCESION
ESTRUCTURA_BT;CONECTADA_RED
ESTRUCTURA_BT;IDENTIFICADOR_VNR
ESTRUCTURA_BT;FECHA_INSTALACION
ESTRUCTURA_BT;CODIGO_VNR
ESTRUCTURA_BT;PEEM_ID
ESTRUCTURA_BT;GIS_ID
ESTRUCTURA_MT;IDENTIFICADOR_VNR
ESTRUCTURA_MT;FECHA_INSTALACION
ESTRUCTURA_MT;CODIGO_VNR
ESTRUCTURA_MT;PEEM_ID
ESTRUCTURA_MT;GIS_ID
ESTRUCTURA_MT;EMPRESA_ID
ESTRUCTURA_MT;PERIODO_STAR
ESTRUCTURA_MT;ESTRUCTURA_MT_ID
ESTRUCTURA_MT;COMUNA_ID
ESTRUCTURA_MT;NODO_IEC_ID
ESTRUCTURA_MT;TIPO_PROPIEDAD_ID
ESTRUCTURA_MT;EN_ZONA_CONCESION
ESTRUCTURA_MT;CONECTADA_RED
ESTRUCTURA_SED;EMPRESA_ID
ESTRUCTURA_SED;PERIODO_STAR
ESTRUCTURA_SED;ESTRUCTURA_SED_ID
ESTRUCTURA_SED;NODO_IEC_ID
ESTRUCTURA_SED;COMUNA_ID
ESTRUCTURA_SED;TIPO_PROPIEDAD_ID
ESTRUCTURA_SED;EN_ZONA_CONCESION
ESTRUCTURA_SED;CONECTADA_RED
ESTRUCTURA_SED;IDENTIFICADOR_VNR
ESTRUCTURA_SED;FECHA_INSTALACION
ESTRUCTURA_SED;CODIGO_VNR
ESTRUCTURA_SED;PEEM_ID
ESTRUCTURA_SED;GIS_ID
EVENTO_RED;EMPRESA_ID
EVENTO_RED;PERIODO_STAR
EVENTO_RED;INCIDENCIA_ID
EVENTO_RED;EVENTORED_ID
EVENTO_RED;NODO_INCIDENCIA_ID
EVENTO_RED;TIPO_EFECTO_EVENTO_ID
EVENTO_RED;TIPO_EVENTO_ID
EVENTO_RED;FECHA_EVENTO
EVENTO_RED;PEEM_ID
FBG_RESUMEN_CARGA;EMPRESA_ID
FBG_RESUMEN_CARGA;PERIODO_STAR
FBG_RESUMEN_CARGA;TABLA
FBG_RESUMEN_CARGA;REGISTROS_TEXTO
FBG_RESUMEN_CARGA;REGISTROS_CARGADOS
FBG_RESUMEN_CARGA;REGISTROS_RECHAZADOS
FBG_RESUMEN_CARGA;FECHA_INICIO
FBG_RESUMEN_CARGA;FECHA_TERMINO
FBG_RESUMEN_CARGA;NOMBRE_ARCHIVO
FBG_RESUMEN_CARGA_BACKUP;EMPRESA_ID
FBG_RESUMEN_CARGA_BACKUP;PERIODO_STAR
FBG_RESUMEN_CARGA_BACKUP;TABLA
FBG_RESUMEN_CARGA_BACKUP;REGISTROS_TEXTO
FBG_RESUMEN_CARGA_BACKUP;REGISTROS_CARGADOS
FBG_RESUMEN_CARGA_BACKUP;REGISTROS_RECHAZADOS
FBG_RESUMEN_CARGA_BACKUP;FECHA_INICIO
FBG_RESUMEN_CARGA_BACKUP;FECHA_TERMINO
FBG_RESUMEN_CARGA_BACKUP;NOMBRE_ARCHIVO
FUENTE_ENERGIA_RED;EMPRESA_ID
FUENTE_ENERGIA_RED;PERIODO_STAR
FUENTE_ENERGIA_RED;FUENTE_ENERGIA_RED_ID
FUENTE_ENERGIA_RED;INCIDENCIA_ID
FUENTE_ENERGIA_RED;TIPO_FUENTE_ENERGIA_ID
FUENTE_ENERGIA_RED;NODO_INCIDENCIA_ID
FUENTE_ENERGIA_RED;PEEM_ID
GRUPO_ECONOMICO;GRUPO_ECONOMICO_ID
GRUPO_ECONOMICO;NOMBRE
G_INTERRUPCION_PTO_CONSUMO;EMPRESA_ID
G_INTERRUPCION_PTO_CONSUMO;PERIODO_STAR
G_INTERRUPCION_PTO_CONSUMO;INCIDENCIA_ID
G_INTERRUPCION_PTO_CONSUMO;INTERRUPCION_ID
G_INTERRUPCION_PTO_CONSUMO;TIEMPO_INTERRUMPIDO
G_INTERRUPCION_PTO_CONSUMO;DATUM_ID
G_INTERRUPCION_PTO_CONSUMO;TIPO_NODO_ID
G_INTERRUPCION_PTO_CONSUMO;X
G_INTERRUPCION_PTO_CONSUMO;Y
G_INTERRUPCION_PTO_CONSUMO;ZONA_UTM
G_INTERRUPCION_PTO_CONSUMO;FMIK
G_INTERRUPCION_PTO_CONSUMO;FMIT
G_INTERRUPCION_PTO_CONSUMO;TTIT
G_INTERRUPCION_PTO_CONSUMO;TTIK
G_INTERRUPCION_PTO_CONSUMO;CALIFICACION
G_INTERRUPCION_PTO_CONSUMO;CAUSA
G_INTERRUPCION_PTO_CONSUMO;UBICACION
INCIDENCIA;EMPRESA_ID
INCIDENCIA;PERIODO_STAR
INCIDENCIA;INCIDENCIA_ID
INCIDENCIA;PEEM_ID
INCIDENCIA_NODOS_QUEUE;EMPRESA_ID
INCIDENCIA_NODOS_QUEUE;INCIDENCIA_ID
INCIDENCIA_NODOS_QUEUE;NODO_PADRE_ID
INCIDENCIA_NODOS_QUEUE;NODO_INCIDENCIA_ID
INCIDENCIA_NODOS_QUEUE;PROCESADO
INCIDENCIA_NODOS_QUEUE;EN_LOOP
INCIDENCIA_NODOS_QUEUE;PERIODO_STAR
INCIDENCIA_PROCESADA;EMPRESA_ID
INCIDENCIA_PROCESADA;PERIODO_STAR
INCIDENCIA_PROCESADA;INCIDENCIA_ID
INCIDENCIA_PROCESADA;PEEM_ID
INC_PCONSUMOS_CONECTADOS;EMPRESA_ID
INC_PCONSUMOS_CONECTADOS;PERIODO_STAR
INC_PCONSUMOS_CONECTADOS;CONECTADOS
INC_PUNTO_CONSUMO_CONECTADOS;EMPRESA_ID
INC_PUNTO_CONSUMO_CONECTADOS;PERIODO_STAR
INC_PUNTO_CONSUMO_CONECTADOS;INCIDENCIA_ID
INC_PUNTO_CONSUMO_CONECTADOS;CONECTADOS
INC_PUNTO_CONSUMO_CONECTADOS;INFORMADOS
INC_PUNTO_CONSUMO_CONECTADOS;CARGADOS
INF_PCONSUMOS_CONECTADOS;EMPRESA_ID
INF_PCONSUMOS_CONECTADOS;PERIODO_STAR
INF_PCONSUMOS_CONECTADOS;CONECTADOS
INTERRUPCION;EMPRESA_ID
INTERRUPCION;PERIODO_STAR
INTERRUPCION;INTERRUPCION_ID
INTERRUPCION;CALIFICACION_INTERRUPCION_ID
INTERRUPCION;TIPO_ORIGEN_INTERRUPCION_ID
INTERRUPCION;SISTEMA_ELECTRICO_ID
INTERRUPCION;CAUSA_ID
INTERRUPCION;INCIDENCIA_ID
INTERRUPCION;EVENTORED_ID
INTERRUPCION;EMPRESA_SUMINISTRADORA_ID
INTERRUPCION;INTERRUPCION_SUMINISTRADORA_ID
INTERRUPCION;FH_INICIO_INTERRUPCION
INTERRUPCION;PEEM_ID
INTERRUPCION_AUDIT;EMPRESA_ID
INTERRUPCION_AUDIT;PERIODO_STAR
INTERRUPCION_AUDIT;INTERRUPCION_ID
INTERRUPCION_AUDIT;CALIFICACION_INTERRUPCION_ID
INTERRUPCION_AUDIT;TIPO_ORIGEN_INTERRUPCION_ID
INTERRUPCION_AUDIT;SISTEMA_ELECTRICO_ID
INTERRUPCION_AUDIT;CAUSA_ID
INTERRUPCION_AUDIT;INCIDENCIA_ID
INTERRUPCION_AUDIT;EVENTORED_ID
INTERRUPCION_AUDIT;EMPRESA_SUMINISTRADORA_ID
INTERRUPCION_AUDIT;INTERRUPCION_SUMINISTRADORA_ID
INTERRUPCION_AUDIT;FH_INICIO_INTERRUPCION
INTERRUPCION_AUDIT;PEEM_ID
INTERRUPCION_PUNTO_CONSUMO;EMPRESA_ID
INTERRUPCION_PUNTO_CONSUMO;PERIODO_STAR
INTERRUPCION_PUNTO_CONSUMO;INCIDENCIA_ID
INTERRUPCION_PUNTO_CONSUMO;INTERRUPCION_ID
INTERRUPCION_PUNTO_CONSUMO;BLOQUE_REPOSICION_ID
INTERRUPCION_PUNTO_CONSUMO;PUNTO_CONSUMO_ID
INTERRUPCION_PUNTO_CONSUMO;TIEMPO_INTERRUMPIDO
INTERRUPCION_PUNTO_CONSUMO;PEEM_ID
LVL_INTERRUPCION_VIIIREGION;EMPRESA_ID
LVL_INTERRUPCION_VIIIREGION;PUNTO_CONSUMO_ID
LVL_INTERRUPCION_VIIIREGION;COMUNA_ID
LVL_INTERRUPCION_VIIIREGION;NOMBRE_COMUNA
LVL_INTERRUPCION_VIIIREGION;REGION_ID
LVL_INTERRUPCION_VIIIREGION;NOMBRE_REGION
LVL_INTERRUPCION_VIIIREGION;TIPO_RURALIDAD_ID
LVL_INTERRUPCION_VIIIREGION;TIPO_RURALIDAD
LVL_INTERRUPCION_VIIIREGION;INTERRUPCION_ID
LVL_INTERRUPCION_VIIIREGION;BLOQUE_REPOSICION_ID
LVL_INTERRUPCION_VIIIREGION;DURACION
LVL_INTERRUPCION_VIIIREGION;FH_TERMINO_BLOQUE
MARCA;EMPRESA_ID
MARCA;PERIODO_STAR
MARCA;MARCA_ID
MARCA;NODO_IEC_ID
MARCA;TEXTO
MARCA;PEEM_ID
MATRIZ_TABLA;IDENTIFICADOR
MATRIZ_TABLA;EMPRESA_ID
MATRIZ_TABLA;PERIODO_STAR
MATRIZ_TABLA;NODO_ID
MATRIZ_TABLA;TIPO_CONEXION_NODO_ID
MEDIDOR;EMPRESA_ID
MEDIDOR;PERIODO_STAR
MEDIDOR;MEDIDOR_ID
MEDIDOR;NODO_IEC_ID
MEDIDOR;COMUNA_ID
MEDIDOR;NODO_ESQUEMATICO_ID
MEDIDOR;TIPO_PROPIEDAD_ID
MEDIDOR;EN_ZONA_CONCESION
MEDIDOR;CONECTADA_RED
MEDIDOR;IDENTIFICADOR_VNR
MEDIDOR;FECHA_INSTALACION
MEDIDOR;CODIGO_VNR
MEDIDOR;PEEM_ID
MED_INTERRUPCIONES;EMPRESA_ID
MED_INTERRUPCIONES;PERIODO_STAR
MED_INTERRUPCIONES;INTERRUPCION_ID
MED_INTERRUPCIONES;BLOQUE_REPOSICION_ID
MED_INTERRUPCIONES;CALIFICACION_INTERRUPCION_ID
MED_INTERRUPCIONES;CAUSA_ID
MED_INTERRUPCIONES;FH_INICIO_INTERRUPCION
MED_INTERRUPCIONES;FH_TERMINO_BLOQUE
MED_INTERRUPCIONES;DURACION
MED_INTERRUPCIONES;CANTIDAD
MED_SAIDI;SAIDI
MED_SAIDI;LN
MED_SAIDI;ALPHA
MED_SAIDI;BETA
MED_SAIDI;MED
MED_SAIDI;FECHA
MED_SAIDI;HORAS
MODULO_I3;MODULO
MODULO_I3;ARCHIVOS_REQUERIDOS
MODULO_I3;OBLIGATORIOS
MVW_COMUNA_PUNTO_CONSUMO;COMUNA_ID
MVW_COMUNA_PUNTO_CONSUMO;CLIENTES
MVW_DM_BASE_SAIDI_PCONSUMO;EMPRESA_ID
MVW_DM_BASE_SAIDI_PCONSUMO;PUNTO_CONSUMO_ID
MVW_DM_BASE_SAIDI_PCONSUMO;INTERRUPCION_ID
MVW_DM_BASE_SAIDI_PCONSUMO;BLOQUE_REPOSICION_ID
MVW_DM_BASE_SAIDI_PCONSUMO;COMUNA_ID
MVW_DM_BASE_SAIDI_PCONSUMO;ALIMENTADOR_ID
MVW_DM_BASE_SAIDI_PCONSUMO;PERIODO_STAR
MVW_DM_BASE_SAIDI_PCONSUMO;FH_INICIO_INTERRUPCION
MVW_DM_BASE_SAIDI_PCONSUMO;FH_TERMINO_BLOQUE
MVW_DM_BASE_SAIDI_PCONSUMO;DURACION_HRS
MVW_DM_BASE_SAIDI_PCONSUMO;CAUSA
MVW_DM_BASE_SAIDI_PCONSUMO;SUBCAUSA
MVW_DM_BASE_SAIDI_PCONSUMO;CLASIFICACION_FINAL
MVW_DM_BASE_SAIDI_PCONSUMO;COMUNA
MVW_DM_BASE_SAIDI_PCONSUMO;ALIMENTADOR
MVW_PUNTO_CONSUMO_HRS_INTERR;EMPRESA_ID
MVW_PUNTO_CONSUMO_HRS_INTERR;PUNTO_CONSUMO_ID
MVW_PUNTO_CONSUMO_HRS_INTERR;COMUNA_ID
MVW_PUNTO_CONSUMO_HRS_INTERR;ANHO_MES
MVW_PUNTO_CONSUMO_HRS_INTERR;EXTERNAS
MVW_PUNTO_CONSUMO_HRS_INTERR;INTERNAS
MVW_PUNTO_CONSUMO_HRS_INTERR;FMAYOR
MVW_PUNTO_CONSUMO_HRS_INTERR;CAUSA
MVW_PUNTO_CONSUMO_HRS_INTERR;SUBCAUSA
MVW_REGION_COMUNA_EMPRESA;EMPRESA_ID
MVW_REGION_COMUNA_EMPRESA;COMUNA_ID
MVW_REGION_COMUNA_EMPRESA;NOMBRE_COMUNA
MVW_REGION_COMUNA_EMPRESA;EMPRESA
MVW_REGION_COMUNA_EMPRESA;CANTIDAD
NODO_CONECTADO;NODO_IEC_ID
NODO_CONECTADO;EMPRESA_ID
NODO_CONECTADO;PERIODO_STAR
NODO_IEC;EMPRESA_ID
NODO_IEC;PERIODO_STAR
NODO_IEC;NODO_IEC_ID
NODO_IEC;DATUM_ID
NODO_IEC;TIPO_NODO_ID
NODO_IEC;TIPO_INSTALACION_ID
NODO_IEC;ALIMENTADOR_ID
NODO_IEC;X
NODO_IEC;Y
NODO_IEC;ZONA_UTM
NODO_IEC;PEEM_ID
NODO_IEC_CABECERA;EMPRESA_ID
NODO_IEC_CABECERA;PERIODO_STAR
NODO_IEC_CABECERA;NODO_IEC_ID
NODO_IEC_CABECERA;PEEM_ID
NODO_IEC_CMC;NODO_IEC_SEC
NODO_IEC_CMC;NODO_IEC_ID
NODO_IEC_CMC;EMPRESA_ID
NODO_IEC_CMC;PERIODO_STAR
NODO_IEC_CMC;ALIMENTADOR_ID
NODO_IEC_CMC;DATUM_ID
NODO_IEC_CMC;ZONA_UTM
NODO_IEC_CMC;TIPO_NODO_ID
NODO_IEC_CMC;TIPO_INSTALACION_ID
NODO_IEC_CMC;X
NODO_IEC_CMC;Y
NODO_IEC_CMC_PROCESADO;NODO_IEC_SEC
NODO_IEC_CMC_PROCESADO;NODO_IEC_ID
NODO_IEC_CMC_PROCESADO;EMPRESA_ID
NODO_IEC_CMC_PROCESADO;PERIODO_STAR
NODO_IEC_CMC_PROCESADO;ALIMENTADOR_ID
NODO_IEC_CMC_PROCESADO;DATUM_ID
NODO_IEC_CMC_PROCESADO;ZONA_UTM
NODO_IEC_CMC_PROCESADO;TIPO_NODO_ID
NODO_IEC_CMC_PROCESADO;TIPO_INSTALACION_ID
NODO_IEC_CMC_PROCESADO;X
NODO_IEC_CMC_PROCESADO;Y
NODO_IEC_CMC_PROCESADO;PADRES
NODO_IEC_CMC_PROCESADO;HIJOS
NODO_IEC_CMC_PROCESADO;ES_CABECERA
NODO_IEC_CMC_PROCESADO;NIVEL
NODO_IEC_CMC_PROCESADO2;NODO_IEC_SEC
NODO_IEC_CMC_PROCESADO2;NODO_IEC_ID
NODO_IEC_CMC_PROCESADO2;EMPRESA_ID
NODO_IEC_CMC_PROCESADO2;PERIODO_STAR
NODO_IEC_CMC_PROCESADO2;ALIMENTADOR_ID
NODO_IEC_CMC_PROCESADO2;DATUM_ID
NODO_IEC_CMC_PROCESADO2;ZONA_UTM
NODO_IEC_CMC_PROCESADO2;TIPO_NODO_ID
NODO_IEC_CMC_PROCESADO2;TIPO_INSTALACION_ID
NODO_IEC_CMC_PROCESADO2;X
NODO_IEC_CMC_PROCESADO2;Y
NODO_IEC_CMC_PROCESADO2;ES_CABECERA
NODO_IEC_CMC_PROCESADO2;NIVEL
NODO_IEC_CMC_PROCESADO2;RAMA
NODO_IEC_CMC_PROCESADO2;NODO_PADRE
NODO_IEC_CMC_PROCESADO2;ARBOL
NODO_IEC_CONECTADO_RWO;PERIODO_STAR
NODO_IEC_CONECTADO_RWO;EMPRESA_ID
NODO_IEC_CONECTADO_RWO;NODO_IEC_ID
NODO_IEC_CONECTADO_RWO;EN_LOOP
NODO_IEC_CONECTADO_RWO;ORIGEN_NODO_IEC_ID
NODO_IEC_CONECTADO_RWO;NIVEL
NODO_IEC_CONECTADO_RWO;ALIMENTADOR_ID
NODO_IEC_CONECTADO_RWO;TIPO_INSTALACION_ID
NODO_IEC_CONECTADO_RWO;INSTALACION_ID
NODO_IEC_CONEXION;EMPRESA_ID
NODO_IEC_CONEXION;PERIODO_STAR
NODO_IEC_CONEXION;PREV_NODO_IEC_ID
NODO_IEC_CONEXION;NODO_IEC_ID
NODO_IEC_CONEXION;CNX_TRAMO_BT
NODO_IEC_CONEXION;CNX_TRAMO_MT
NODO_IEC_CONEXION;FALLO_CNX_CORTA
NODO_IEC_CONEXION;CNX_EMPALME
NODO_IEC_DIRECTO;EMPRESA_ID
NODO_IEC_DIRECTO;PERIODO_STAR
NODO_IEC_DIRECTO;NODO_IEC_ID
NODO_IEC_DIRECTO;DATUM_ID
NODO_IEC_DIRECTO;TIPO_NODO_ID
NODO_IEC_DIRECTO;TIPO_INSTALACION_ID
NODO_IEC_DIRECTO;ALIMENTADOR_ID
NODO_IEC_DIRECTO;X
NODO_IEC_DIRECTO;Y
NODO_IEC_DIRECTO;ZONA_UTM
NODO_IEC_DIRECTO;PEEM_ID
NODO_IEC_EXTERNO;EMPRESA_ID
NODO_IEC_EXTERNO;PERIODO_STAR
NODO_IEC_EXTERNO;NODO_IEC_ID
NODO_IEC_EXTERNO;EMPRESA_EXTERNA_ID
NODO_IEC_EXTERNO;NODO_EXTERNO_ID
NODO_IEC_EXTERNO;SENTIDO_ENERGIA_ID
NODO_IEC_EXTERNO;PEEM_ID
NODO_INCIDENCIA;EMPRESA_ID
NODO_INCIDENCIA;PERIODO_STAR
NODO_INCIDENCIA;INCIDENCIA_ID
NODO_INCIDENCIA;NODO_INCIDENCIA_ID
NODO_INCIDENCIA;TIPO_INSTALACION_INCIDENCIA_ID
NODO_INCIDENCIA;ALIMENTADOR_ID
NODO_INCIDENCIA;DATUM_ID
NODO_INCIDENCIA;TIPO_NODO_ID
NODO_INCIDENCIA;X
NODO_INCIDENCIA;Y
NODO_INCIDENCIA;ZONA_UTM
NODO_INCIDENCIA;PEEM_ID
NODO_INCIDENCIA_CABECERA;EMPRESA_ID
NODO_INCIDENCIA_CABECERA;PERIODO_STAR
NODO_INCIDENCIA_CABECERA;INCIDENCIA_ID
NODO_INCIDENCIA_CABECERA;NODO_INCIDENCIA_ID
NODO_INCIDENCIA_CABECERA;PEEM_ID
NODO_INCIDENCIA_CONECTADO;EMPRESA_ID
NODO_INCIDENCIA_CONECTADO;INCIDENCIA_ID
NODO_INCIDENCIA_CONECTADO;PERIODO_STAR
NODO_INCIDENCIA_CONECTADO;NODO_INCIDENCIA_ID
NODO_INCIDENCIA_EXTERNO;EMPRESA_ID
NODO_INCIDENCIA_EXTERNO;PERIODO_STAR
NODO_INCIDENCIA_EXTERNO;INCIDENCIA_ID
NODO_INCIDENCIA_EXTERNO;NODO_INCIDENCIA_ID
NODO_INCIDENCIA_EXTERNO;EMPRESA_EXTERNA_ID
NODO_INCIDENCIA_EXTERNO;NODO_INCIDENCIA_EXTERNO_ID
NODO_INCIDENCIA_EXTERNO;SENTIDO_ENERGIA_ID
NODO_INCIDENCIA_EXTERNO;PEEM_ID
NODO_SUBESTACION;EMPRESA_ID
NODO_SUBESTACION;NODO_IEC_ID
NODO_SUBESTACION;PERIODO_STAR
NODO_SUBESTACION;SUBESTACION_DISTRIBUCION_ID
NODO_SUBESTACION;PEEM_ID
NUMERO_FASES;NUMERO_FASES
PCT_NOT_EXISTS;EMPRESA_ID
PCT_NOT_EXISTS;PERIODO_STAR
PCT_NOT_EXISTS;INCIDENCIA_ID
PCT_NOT_EXISTS;PUNTO_CONSUMO_ID
PERIODO_INFORMACION;EMPRESA_ID
PERIODO_INFORMACION;PERIODO_STAR
PERIODO_INFORMACION;MES_INFORMA
PERIODO_INFORMACION;PEEM_ID
POSTE;EMPRESA_ID
POSTE;PERIODO_STAR
POSTE;POSTE_ID
POSTE;COMUNA_ID
POSTE;TIPO_TENSION_ID
POSTE;NODO_IEC_ID
POSTE;TIPO_PROPIEDAD_ID
POSTE;EN_ZONA_CONCESION
POSTE;CONECTADA_RED
POSTE;IDENTIFICADOR_VNR
POSTE;FECHA_INSTALACION
POSTE;CODIGO_VNR
POSTE;APOYO_COMUNICACIONES
POSTE;APOYO_TV_CABLE
POSTE;APOYO_ALUMBRADO
POSTE;APOYO_OTROS
POSTE;PEEM_ID
POSTE;GIS_ID
PROD_INT_CAUSA_2015;FECHA_PERIODO
PROD_INT_CAUSA_2015;EMPRESA_ID
PROD_INT_CAUSA_2015;SIGLA
PROD_INT_CAUSA_2015;PERIODO_STAR
PROD_INT_CAUSA_2015;INTERRUPCION_ID
PROD_INT_CAUSA_2015;CALIFICACION_INTERRUPCION_ID
PROD_INT_CAUSA_2015;DESC_CLASIFICACION
PROD_INT_CAUSA_2015;DESC_CALIFICACION_INT
PROD_INT_CAUSA_2015;CAUSA_ID
PROD_INT_CAUSA_2015;DESC_CAUSA
PROD_INT_CAUSA_2015;PUNTO_CONSUMO_ID
PROD_INT_CAUSA_2015;COMUNA_ID
PROD_INT_CAUSA_2015;COMUNA
PROD_INT_CAUSA_2015;PROVINCIA
PROD_INT_CAUSA_2015;REGION
PTO_CONS_TOPO;EMPRESA_ID
PTO_CONS_TOPO;PUNTO_CONSUMO_ID
PTO_CONS_TOPO;TENSION
PTO_CONS_TOPO;RURALIDAD
PTO_CONS_TOPO;EMPALME
PTO_CONS_TOPO;TRANSFORMADOR_ID
PUENTE;EMPRESA_ID
PUENTE;PERIODO_STAR
PUENTE;INCIDENCIA_ID
PUENTE;PUENTE_ID
PUENTE;NODO_INCIDENCIA_ID
PUENTE;COMUNA_ID
PUENTE;ACTIVO_INICIAL
PUENTE;ACTIVO_FINAL
PUENTE;PEEM_ID
PUNTO_CONSUMO;EMPRESA_ID
PUNTO_CONSUMO;PERIODO_STAR
PUNTO_CONSUMO;PUNTO_CONSUMO_ID
PUNTO_CONSUMO;PUNTO_SUMINISTRO_ID
PUNTO_CONSUMO;NODO_IEC_ID
PUNTO_CONSUMO;TIPO_EMPALME_ID
PUNTO_CONSUMO;SUBESTACION_PRIMARIA_ID
PUNTO_CONSUMO;COMUNA_ID
PUNTO_CONSUMO;NODO_ESQUEMATICO_ID
PUNTO_CONSUMO;NUMERO_FASES
PUNTO_CONSUMO;TIPO_RURALIDAD_ID
PUNTO_CONSUMO;PEEM_ID
PUNTO_CONSUMO012013026;EMPRESA_ID
PUNTO_CONSUMO012013026;PERIODO_STAR
PUNTO_CONSUMO012013026;PUNTO_CONSUMO_ID
PUNTO_CONSUMO012013026;PUNTO_SUMINISTRO_ID
PUNTO_CONSUMO012013026;NODO_IEC_ID
PUNTO_CONSUMO012013026;TIPO_EMPALME_ID
PUNTO_CONSUMO012013026;SUBESTACION_PRIMARIA_ID
PUNTO_CONSUMO012013026;COMUNA_ID
PUNTO_CONSUMO012013026;NODO_ESQUEMATICO_ID
PUNTO_CONSUMO012013026;NUMERO_FASES
PUNTO_CONSUMO012013026;TIPO_RURALIDAD_ID
PUNTO_CONSUMO012013026;PEEM_ID
PUNTO_CONSUMO_8_9;REGION_ID
PUNTO_CONSUMO_8_9;EMPRESA_ID
PUNTO_CONSUMO_8_9;PUNTO_CONSUMO_ID
PUNTO_CONSUMO_8_9;COMUNA_ID
PUNTO_CONSUMO_8_9;ZONA_UTM
PUNTO_CONSUMO_8_9;DATUM_ID
PUNTO_CONSUMO_8_9;X
PUNTO_CONSUMO_8_9;Y
PUNTO_CONSUMO_DIRECTO;EMPRESA_ID
PUNTO_CONSUMO_DIRECTO;PERIODO_STAR
PUNTO_CONSUMO_DIRECTO;PUNTO_CONSUMO_ID
PUNTO_CONSUMO_DIRECTO;PUNTO_SUMINISTRO_ID
PUNTO_CONSUMO_DIRECTO;NODO_IEC_ID
PUNTO_CONSUMO_DIRECTO;TIPO_EMPALME_ID
PUNTO_CONSUMO_DIRECTO;SUBESTACION_PRIMARIA_ID
PUNTO_CONSUMO_DIRECTO;COMUNA_ID
PUNTO_CONSUMO_DIRECTO;NODO_ESQUEMATICO_ID
PUNTO_CONSUMO_DIRECTO;NUMERO_FASES
PUNTO_CONSUMO_DIRECTO;TIPO_RURALIDAD_ID
PUNTO_CONSUMO_DIRECTO;PEEM_ID
PUNTO_CONSUMO_HORAS_INT_22;PUNTO_CONSUMO_ID
PUNTO_CONSUMO_HORAS_INT_22;EXTERNAS
PUNTO_CONSUMO_HORAS_INT_22;INTERNAS
PUNTO_CONSUMO_HORAS_INT_22;FMAYOR
PUNTO_CONSUMO_TOPOLOGIA;EMPRESA_ID
PUNTO_CONSUMO_TOPOLOGIA;PERIODO_STAR
PUNTO_CONSUMO_TOPOLOGIA;INCIDENCIA_ID
PUNTO_CONSUMO_TOPOLOGIA;PUNTO_CONSUMO_ID
PUNTO_CONSUMO_TOPOLOGIA;TIPO_TENSION_ID
PUNTO_CONSUMO_TOPOLOGIA;TRANSFORMADOR_ID
PUNTO_CONSUMO_TOPOLOGIA;TIPO_RURALIDAD_ID
PUNTO_CONSUMO_TOPOLOGIA;NODO_INCIDENCIA_ID
PUNTO_CONSUMO_TOPOLOGIA;TIPO_EMPALME_ID
PUNTO_CONSUMO_TOPOLOGIA;PUNTO_SUMINISTRO_ID
PUNTO_CONSUMO_TOPOLOGIA;COMUNA_ID
PUNTO_CONSUMO_TOPOLOGIA;ACTIVO_INICIAL
PUNTO_CONSUMO_TOPOLOGIA;ACTIVO_FINAL
PUNTO_CONSUMO_TOPOLOGIA;ENERGIZADO_INICIAL
PUNTO_CONSUMO_TOPOLOGIA;ENERGIZADO_FINAL
PUNTO_CONSUMO_TOPOLOGIA;NUMERO_FASES
PUNTO_CONSUMO_TOPOLOGIA;PEEM_ID
PUNTO_CONSUMO_TOPOLOGIA_TXT3;EMPRESA_ID
PUNTO_CONSUMO_TOPOLOGIA_TXT3;PERIODO_STAR
PUNTO_CONSUMO_TOPOLOGIA_TXT3;INCIDENCIA_ID
PUNTO_CONSUMO_TOPOLOGIA_TXT3;PUNTO_CONSUMO_ID
PUNTO_CONSUMO_TOPOLOGIA_TXT3;TIPO_TENSION_ID
PUNTO_CONSUMO_TOPOLOGIA_TXT3;TRANSFORMADOR_ID
PUNTO_CONSUMO_TOPOLOGIA_TXT3;TIPO_RURALIDAD_ID
PUNTO_CONSUMO_TOPOLOGIA_TXT3;NODO_INCIDENCIA_ID
PUNTO_CONSUMO_TOPOLOGIA_TXT3;TIPO_EMPALME_ID
PUNTO_CONSUMO_TOPOLOGIA_TXT3;PUNTO_SUMINISTRO_ID
PUNTO_CONSUMO_TOPOLOGIA_TXT3;COMUNA_ID
PUNTO_CONSUMO_TOPOLOGIA_TXT3;ACTIVO_INICIAL
PUNTO_CONSUMO_TOPOLOGIA_TXT3;ACTIVO_FINAL
PUNTO_CONSUMO_TOPOLOGIA_TXT3;ENERGIZADO_INICIAL
PUNTO_CONSUMO_TOPOLOGIA_TXT3;ENERGIZADO_FINAL
PUNTO_CONSUMO_TOPOLOGIA_TXT3;NUMERO_FASES
PUNTO_CONSUMO_TXT;EMPRESA_ID
PUNTO_CONSUMO_TXT;PERIODO_STAR
PUNTO_CONSUMO_TXT;PUNTO_CONSUMO_ID
PUNTO_CONSUMO_TXT;PUNTO_SUMINISTRO_ID
PUNTO_CONSUMO_TXT;NODO_IEC_ID
PUNTO_CONSUMO_TXT;TIPO_EMPALME_ID
PUNTO_CONSUMO_TXT;SUBESTACION_PRIMARIA_ID
PUNTO_CONSUMO_TXT;COMUNA_ID
PUNTO_CONSUMO_TXT;NODO_ESQUEMATICO_ID
PUNTO_CONSUMO_TXT;NUMERO_FASES
PUNTO_CONSUMO_TXT;TIPO_RURALIDAD_ID
PUNTO_CONSUMO_TXT;PEEM_ID
PUNTO_DERIVACION;EMPRESA_ID
PUNTO_DERIVACION;PERIODO_STAR
PUNTO_DERIVACION;PUNTO_DERIVACION_ID
PUNTO_DERIVACION;NODO_ESQUEMATICO_ID
PUNTO_DERIVACION;PEEM_ID
PUNTO_DERIVACION_INCIDENCIA;EMPRESA_ID
PUNTO_DERIVACION_INCIDENCIA;PERIODO_STAR
PUNTO_DERIVACION_INCIDENCIA;INCIDENCIA_ID
PUNTO_DERIVACION_INCIDENCIA;PUNTO_DERIVACION_INCIDENCIA_ID
PUNTO_DERIVACION_INCIDENCIA;NODO_INCIDENCIA_ID
PUNTO_DERIVACION_INCIDENCIA;PEEM_ID
PUNTO_FALLA;EMPRESA_ID
PUNTO_FALLA;PERIODO_STAR
PUNTO_FALLA;INCIDENCIA_ID
PUNTO_FALLA;PUNTO_FALLA_ID
PUNTO_FALLA;NODO_INCIDENCIA_ID
PUNTO_FALLA;COMUNA_ID
PUNTO_FALLA;CALLE
PUNTO_FALLA;NUMERO
PUNTO_FALLA;POBLACION
PUNTO_FALLA;CIUDAD
PUNTO_FALLA;PEEM_ID
PUNTO_SUMINISTRO;EMPRESA_ID
PUNTO_SUMINISTRO;PERIODO_STAR
PUNTO_SUMINISTRO;PUNTO_SUMINISTRO_ID
PUNTO_SUMINISTRO;PEEM_ID
PUNTO_SUMINISTRO_INCIDENCIA;EMPRESA_ID
PUNTO_SUMINISTRO_INCIDENCIA;PERIODO_STAR
PUNTO_SUMINISTRO_INCIDENCIA;INCIDENCIA_ID
PUNTO_SUMINISTRO_INCIDENCIA;PUNTO_SUMINISTRO_ID
PUNTO_SUMINISTRO_INCIDENCIA;PEEM_ID
P_BAJADA_RED;EMPRESA_ID
P_BAJADA_RED;ID
P_BAJADA_RED;PERIODO_STAR
P_BAJADA_RED;NODO_IEC_ID
P_BAJADA_RED;X
P_BAJADA_RED;Y
P_BAJADA_RED;IDENTIFICADOR_VNR
P_BAJADA_RED;CONECTADO
P_BAJADA_RED;TIPO_PROPIEDAD_ID
P_BAJADA_RED;CODIGO_VNR
P_BOVEDA_RED;EMPRESA_ID
P_BOVEDA_RED;ID
P_BOVEDA_RED;PERIODO_STAR
P_BOVEDA_RED;NODO_IEC_ID
P_BOVEDA_RED;X
P_BOVEDA_RED;Y
P_BOVEDA_RED;IDENTIFICADOR_VNR
P_BOVEDA_RED;CONECTADO
P_BOVEDA_RED;TIPO_PROPIEDAD_ID
P_BOVEDA_RED;CODIGO_VNR
P_BOVEDA_RED;NATURALEZA
P_BOVEDA_RED;SUBITEM
P_BOVEDA_RED;ITEM
P_CAMARA_RED;EMPRESA_ID
P_CAMARA_RED;ID
P_CAMARA_RED;PERIODO_STAR
P_CAMARA_RED;NODO_IEC_ID
P_CAMARA_RED;X
P_CAMARA_RED;Y
P_CAMARA_RED;IDENTIFICADOR_VNR
P_CAMARA_RED;CONECTADO
P_CAMARA_RED;TIPO_TENSION_ID
P_CAMARA_RED;TIPO_PROPIEDAD_ID
P_CAMARA_RED;CODIGO_VNR
P_CAMARA_RED;SUBITEM
P_CAMARA_RED;ITEM
P_CAMARA_RED;NATURALEZA
P_CANALIZACION_RED;EMPRESA_ID
P_CANALIZACION_RED;ID
P_CANALIZACION_RED;PERIODO_STAR
P_CANALIZACION_RED;IDENTIFICADOR_VNR
P_CANALIZACION_RED;CONECTADO
P_CANALIZACION_RED;TIPO_TENSION_ID
P_CANALIZACION_RED;TIPO_PROPIEDAD_ID
P_CANALIZACION_RED;CODIGO_VNR
P_CANALIZACION_RED;SUBITEM
P_CANALIZACION_RED;ITEM
P_CANALIZACION_RED;NATURALEZA
P_EMPALME_RED;EMPRESA_ID
P_EMPALME_RED;ID
P_EMPALME_RED;PERIODO_STAR
P_EMPALME_RED;IDENTIFICADOR_VNR
P_EMPALME_RED;CONECTADO
P_EMPALME_RED;TIPO_TENSION_ID
P_EMPALME_RED;TIPO_PROPIEDAD_ID
P_EMPALME_RED;CODIGO_VNR
P_EMPALME_RED;ITEM
P_EMPALME_RED;NATURALEZA
P_EMPALME_RED;SUBITEM
P_EQUIPO_RED;EMPRESA_ID
P_EQUIPO_RED;ID
P_EQUIPO_RED;PERIODO_STAR
P_EQUIPO_RED;NODO_IEC_ID
P_EQUIPO_RED;X
P_EQUIPO_RED;Y
P_EQUIPO_RED;IDENTIFICADOR_VNR
P_EQUIPO_RED;ES_EQUIPO_SUBESTACION
P_EQUIPO_RED;TIPO_TENSION_ID
P_EQUIPO_RED;CONECTADO
P_EQUIPO_RED;TIPO_PROPIEDAD_ID
P_EQUIPO_RED;CODIGO_VNR
P_EQUIPO_SED_RED;EMPRESA_ID
P_EQUIPO_SED_RED;ID
P_EQUIPO_SED_RED;PERIODO_STAR
P_EQUIPO_SED_RED;NODO_IEC_ID
P_EQUIPO_SED_RED;X
P_EQUIPO_SED_RED;Y
P_EQUIPO_SED_RED;IDENTIFICADOR_VNR
P_EQUIPO_SED_RED;ES_EQUIPO_SUBESTACION
P_EQUIPO_SED_RED;TIPO_TENSION_ID
P_EQUIPO_SED_RED;CONECTADO
P_EQUIPO_SED_RED;TIPO_PROPIEDAD_ID
P_EQUIPO_SED_RED;CODIGO_VNR
P_ESTRUCTURA_BT_RED;EMPRESA_ID
P_ESTRUCTURA_BT_RED;ID
P_ESTRUCTURA_BT_RED;PERIODO_STAR
P_ESTRUCTURA_BT_RED;NODO_IEC_ID
P_ESTRUCTURA_BT_RED;X
P_ESTRUCTURA_BT_RED;Y
P_ESTRUCTURA_BT_RED;IDENTIFICADOR_VNR
P_ESTRUCTURA_BT_RED;CONECTADO
P_ESTRUCTURA_BT_RED;TIPO_PROPIEDAD_ID
P_ESTRUCTURA_BT_RED;CODIGO_VNR
P_ESTRUCTURA_BT_RED;SUBITEM
P_ESTRUCTURA_BT_RED;ITEM
P_ESTRUCTURA_BT_RED;NATURALEZA
P_ESTRUCTURA_MT_RED;EMPRESA_ID
P_ESTRUCTURA_MT_RED;ID
P_ESTRUCTURA_MT_RED;PERIODO_STAR
P_ESTRUCTURA_MT_RED;NODO_IEC_ID
P_ESTRUCTURA_MT_RED;X
P_ESTRUCTURA_MT_RED;Y
P_ESTRUCTURA_MT_RED;IDENTIFICADOR_VNR
P_ESTRUCTURA_MT_RED;CONECTADO
P_ESTRUCTURA_MT_RED;TIPO_PROPIEDAD_ID
P_ESTRUCTURA_MT_RED;CODIGO_VNR
P_ESTRUCTURA_MT_RED;SUBITEM
P_ESTRUCTURA_MT_RED;ITEM
P_ESTRUCTURA_MT_RED;NATURALEZA
P_ESTRUCTURA_SED_RED;EMPRESA_ID
P_ESTRUCTURA_SED_RED;ID
P_ESTRUCTURA_SED_RED;PERIODO_STAR
P_ESTRUCTURA_SED_RED;NODO_IEC_ID
P_ESTRUCTURA_SED_RED;X
P_ESTRUCTURA_SED_RED;Y
P_ESTRUCTURA_SED_RED;IDENTIFICADOR_VNR
P_ESTRUCTURA_SED_RED;CONECTADO
P_ESTRUCTURA_SED_RED;TIPO_PROPIEDAD_ID
P_ESTRUCTURA_SED_RED;CODIGO_VNR
P_ESTRUCTURA_SED_RED;SUBITEM
P_ESTRUCTURA_SED_RED;ITEM
P_ESTRUCTURA_SED_RED;NATURALEZA
P_MEDIDOR_RED;EMPRESA_ID
P_MEDIDOR_RED;ID
P_MEDIDOR_RED;PERIODO_STAR
P_MEDIDOR_RED;NODO_IEC_ID
P_MEDIDOR_RED;X
P_MEDIDOR_RED;Y
P_MEDIDOR_RED;IDENTIFICADOR_VNR
P_MEDIDOR_RED;TIPO_TENSION_ID
P_MEDIDOR_RED;CONECTADO
P_MEDIDOR_RED;TIPO_PROPIEDAD_ID
P_MEDIDOR_RED;CODIGO_VNR
P_POSTE_RED;TIPO_PROPIEDAD_ID
P_POSTE_RED;TIPO_TENSION_ID
P_POSTE_RED;CODIGO_VNR
P_POSTE_RED;SUBITEM
P_POSTE_RED;ITEM
P_POSTE_RED;NATURALEZA
P_POSTE_RED;EMPRESA_ID
P_POSTE_RED;ID
P_POSTE_RED;PERIODO_STAR
P_POSTE_RED;NODO_IEC_ID
P_POSTE_RED;X
P_POSTE_RED;Y
P_POSTE_RED;IDENTIFICADOR_VNR
P_POSTE_RED;CONECTADO
P_TOMA_TIERRA_RED;EMPRESA_ID
P_TOMA_TIERRA_RED;ID
P_TOMA_TIERRA_RED;PERIODO_STAR
P_TOMA_TIERRA_RED;NODO_IEC_ID
P_TOMA_TIERRA_RED;X
P_TOMA_TIERRA_RED;Y
P_TOMA_TIERRA_RED;IDENTIFICADOR_VNR
P_TOMA_TIERRA_RED;TIPO_TENSION_ID
P_TOMA_TIERRA_RED;CONECTADO
P_TOMA_TIERRA_RED;TIPO_PROPIEDAD_ID
P_TOMA_TIERRA_RED;CODIGO_VNR
P_TRAMO_BT_RED;EMPRESA_ID
P_TRAMO_BT_RED;ID
P_TRAMO_BT_RED;PERIODO_STAR
P_TRAMO_BT_RED;IDENTIFICADOR_VNR
P_TRAMO_BT_RED;CONECTADO
P_TRAMO_BT_RED;TIPO_PROPIEDAD_ID
P_TRAMO_BT_RED;CODIGO_VNR
P_TRAMO_BT_RED;SUBITEM
P_TRAMO_BT_RED;ITEM
P_TRAMO_BT_RED;NATURALEZA
P_TRAMO_MT_RED;EMPRESA_ID
P_TRAMO_MT_RED;ID
P_TRAMO_MT_RED;PERIODO_STAR
P_TRAMO_MT_RED;IDENTIFICADOR_VNR
P_TRAMO_MT_RED;CONECTADO
P_TRAMO_MT_RED;TIPO_PROPIEDAD_ID
P_TRAMO_MT_RED;CODIGO_VNR
P_TRAMO_MT_RED;SUBITEM
P_TRAMO_MT_RED;ITEM
P_TRAMO_MT_RED;NATURALEZA
P_TRANSFORMADOR_RED;EMPRESA_ID
P_TRANSFORMADOR_RED;ID
P_TRANSFORMADOR_RED;PERIODO_STAR
P_TRANSFORMADOR_RED;NODO_IEC_ID
P_TRANSFORMADOR_RED;X
P_TRANSFORMADOR_RED;Y
P_TRANSFORMADOR_RED;IDENTIFICADOR_VNR
P_TRANSFORMADOR_RED;CONECTADO
P_TRANSFORMADOR_RED;TIPO_PROPIEDAD_ID
P_TRANSFORMADOR_RED;CODIGO_VNR
QLK_INC_PTO_CONSUMO_COMUNA;EMPRESA_ID
QLK_INC_PTO_CONSUMO_COMUNA;PERIODO_STAR
QLK_INC_PTO_CONSUMO_COMUNA;INCIDENCIA_ID
QLK_INC_PTO_CONSUMO_COMUNA;INTERRUPCION_ID
QLK_INC_PTO_CONSUMO_COMUNA;BLOQUE_REPOSICION_ID
QLK_INC_PTO_CONSUMO_COMUNA;COMUNA_ID
QLK_INC_PTO_CONSUMO_COMUNA;CANTIDAD
REGION_COMUNA_PROVINCIA;REGION_ID
REGION_COMUNA_PROVINCIA;NOMBRE_REGION
REGION_COMUNA_PROVINCIA;COMUNA_ID
REGION_COMUNA_PROVINCIA;NOMBRE_COMUNA
REGION_COMUNA_PROVINCIA;PROVINCIA_ID
REGION_COMUNA_PROVINCIA;NOMBRE_PROVINCIA
ROW_COUNT;NROWS
SENTIDO_ENERGIA;SENTIDO_ENERGIA_ID
SENTIDO_ENERGIA;DESCRIPCION
SISTEMA_COORDENADAS;ID
SISTEMA_COORDENADAS;NOMBRE
SISTEMA_COORDENADAS;DATUM_ID
SISTEMA_COORDENADAS;ZONA_UTM
SISTEMA_COORDENADAS;SDO_SRID
SISTEMA_COORDENADAS;DEFAULT_PROJECTION
SISTEMA_ELECTRICO;SISTEMA_ELECTRICO_ID
SISTEMA_ELECTRICO;EMPRESA_ID
SISTEMA_ELECTRICO;NOMBRE
SUBESTACION_DISTRIBUCION;EMPRESA_ID
SUBESTACION_DISTRIBUCION;PERIODO_STAR
SUBESTACION_DISTRIBUCION;SUBESTACION_DISTRIBUCION_ID
SUBESTACION_DISTRIBUCION;TIPO_DISPOSICION_ID
SUBESTACION_DISTRIBUCION;PLACA_IDENTIFICACION
SUBESTACION_DISTRIBUCION;PEEM_ID
SUBESTACION_INCIDENCIA;EMPRESA_ID
SUBESTACION_INCIDENCIA;PERIODO_STAR
SUBESTACION_INCIDENCIA;INCIDENCIA_ID
SUBESTACION_INCIDENCIA;SUBESTACION_INCIDENCIA_ID
SUBESTACION_INCIDENCIA;PLACA_IDENTIFICACION
SUBESTACION_INCIDENCIA;CALLE
SUBESTACION_INCIDENCIA;NUMERO
SUBESTACION_INCIDENCIA;POBLACION
SUBESTACION_INCIDENCIA;CIUDAD
SUBESTACION_INCIDENCIA;PEEM_ID
SUBESTACION_PRIMARIA_DISTRIBUC;EMPRESA_ID
SUBESTACION_PRIMARIA_DISTRIBUC;PERIODO_STAR
SUBESTACION_PRIMARIA_DISTRIBUC;SUBESTACION_PRIMARIA_ID
SUBESTACION_PRIMARIA_DISTRIBUC;NODO_IEC_ID
SUBESTACION_PRIMARIA_DISTRIBUC;NOMBRE
SUBESTACION_PRIMARIA_DISTRIBUC;PEEM_ID
TBL_INT_RESUMEN;EMPRESA_ID
TBL_INT_RESUMEN;PERIODO_STAR
TBL_INT_RESUMEN;TIPO_RURALIDAD_ID
TBL_INT_RESUMEN;TIPO_RURALIDAD
TBL_INT_RESUMEN;INTERRUPCION_ID
TBL_INT_RESUMEN;BLOQUE_REPOSICION_ID
TBL_INT_RESUMEN;FH_INICIO_INTERRUPCION
TBL_INT_RESUMEN;ALIMENTADOR_ID
TBL_INT_RESUMEN;NOMBRE_ALIMENTADOR
TBL_INT_RESUMEN;FH_TERMINO_BLOQUE
TBL_INT_RESUMEN;CANTIDAD_TRAFOS
TBL_INT_RESUMEN;KVA_AFECTADOS
TBL_INT_RESUMEN;CLIENTES_AFECTADOS
TBL_INT_RESUMEN;BLOQUE_VARIOS_ALIM
TBL_INT_RESUMEN;CAUSA
TBL_INT_RESUMEN;SUBCAUSA
TBL_INT_RESUMEN;CALIFICACION
TBL_INT_RESUMEN;MES_ANHO
TEMPO;TEXT
TEMP_1_110128_1;IDENTIFICADOR
TEMP_1_110128_1;EMPRESA_ID
TEMP_1_110128_1;PERIODO_STAR
TEMP_1_110128_1;NODO_ID
TEMP_1_110128_1;TIPO_CONEXION_NODO_ID
TEMP_HIJOS_ACTUALES;IDENTIFICADOR
TEMP_HIJOS_ACTUALES;EMPRESA_ID
TEMP_HIJOS_ACTUALES;NODO_PADRE_ID
TEMP_HIJOS_ACTUALES;NODO_HIJO_ID
TEMP_HIJOS_ACTUALES;TIPO_CONEXION_NODO_ID
TEMP_HIJOS_ACTUALES;NIVEL
TEMP_HIJOS_ACTUALES;ALIMENTADOR_ID
TEMP_HIJOS_ACTUALES;ARBOL_ID
TEMP_NUEVOS_HIJOS;IDENTIFICADOR
TEMP_NUEVOS_HIJOS;EMPRESA_ID
TEMP_NUEVOS_HIJOS;NODO_PADRE_ID
TEMP_NUEVOS_HIJOS;NODO_HIJO_ID
TEMP_NUEVOS_HIJOS;TIPO_CONEXION_NODO_ID
TEMP_NUEVOS_HIJOS;NIVEL
TEMP_NUEVOS_HIJOS;ALIMENTADOR_ID
TEMP_NUEVOS_HIJOS;ARBOL_ID
TEMP_PADRES_ACTUALES;IDENTIFICADOR
TEMP_PADRES_ACTUALES;EMPRESA_ID
TEMP_PADRES_ACTUALES;NODO_PADRE_ID
TEMP_PADRES_ACTUALES;NODO_HIJO_ID
TEMP_PADRES_ACTUALES;TIPO_CONEXION_NODO_ID
TEMP_PADRES_ACTUALES;NIVEL
TEMP_PADRES_ACTUALES;ALIMENTADOR_ID
TEMP_PADRES_ACTUALES;ARBOL_ID
TEMP_PADRES_PROCESADOS;IDENTIFICADOR
TEMP_PADRES_PROCESADOS;EMPRESA_ID
TEMP_PADRES_PROCESADOS;NODO_PADRE_ID
TEMP_PADRES_PROCESADOS;NODO_HIJO_ID
TEMP_PADRES_PROCESADOS;TIPO_CONEXION_NODO_ID
TEMP_PADRES_PROCESADOS;NIVEL
TEMP_PADRES_PROCESADOS;ALIMENTADOR_ID
TEMP_PADRES_PROCESADOS;ARBOL_ID
TIEMPO_INT_PTO_CONSUMO;EMPRESA_ID
TIEMPO_INT_PTO_CONSUMO;PUNTO_CONSUMO_ID
TIEMPO_INT_PTO_CONSUMO;COMUNA_ID
TIEMPO_INT_PTO_CONSUMO;TIPO_RURALIDAD_ID
TIEMPO_INT_PTO_CONSUMO;TIEMPO_TOTAL_INT_HORAS
TIEMPO_INT_PTO_CONSUMO;CANTIDAD_INTERRUPCIONES
TIPO_AVISO;TIPO_AVISO_ID
TIPO_AVISO;DESCRIPCION
TIPO_CONEXION_NODO;TIPO_CONEXION_NODO_ID
TIPO_CONEXION_NODO;DESCRIPCION
TIPO_DISPOSICION;TIPO_DISPOSICION_ID
TIPO_DISPOSICION;DESCRIPCION
TIPO_DISPOSICION_TRAMO;TIPO_DISPOSICION_TRAMO_ID
TIPO_DISPOSICION_TRAMO;DESCRIPCION
TIPO_EFECTO_EVENTO;TIPO_EFECTO_EVENTO_ID
TIPO_EFECTO_EVENTO;DESCRIPCION
TIPO_EMPALME;TIPO_EMPALME_ID
TIPO_EMPALME;DESCRIPCION
TIPO_EMPRESA;TIPO_EMPRESA_ID
TIPO_EMPRESA;DESCRIPCION
TIPO_EQUIPO;TIPO_EQUIPO_ID
TIPO_EQUIPO;DESCRIPCION
TIPO_EVENTO_RED;TIPO_EVENTO_ID
TIPO_EVENTO_RED;DESCRIPCION
TIPO_FUENTE_ENERGIA;TIPO_FUENTE_ENERGIA_ID
TIPO_FUENTE_ENERGIA;DESCRIPCION
TIPO_INSTALACION;TIPO_INSTALACION_ID
TIPO_INSTALACION;DESCRIPCION
TIPO_INSTALACION_ESQUEMATICO;TIPO_INSTALACION_ESQ_ID
TIPO_INSTALACION_ESQUEMATICO;DESCRIPCION
TIPO_INSTALACION_INCIDENCIA;TIPO_INSTALACION_INCIDENCIA_ID
TIPO_INSTALACION_INCIDENCIA;DESCRIPCION
TIPO_NODO;TIPO_NODO_ID
TIPO_NODO;DESCRIPCION
TIPO_ORIGEN_INTERRUPCION;TIPO_ORIGEN_INTERRUPCION_ID
TIPO_ORIGEN_INTERRUPCION;DESCRIPCION
TIPO_PROPIEDAD;TIPO_PROPIEDAD_ID
TIPO_PROPIEDAD;DESCRICPION
TIPO_RURALIDAD;TIPO_RURALIDAD_ID
TIPO_RURALIDAD;DESCRIPCION
TIPO_SERVICIO_EQUIPO;TIPO_SERVICIO_EQUIPO_ID
TIPO_SERVICIO_EQUIPO;DESCRIPCION
TIPO_TECNOLOGIA;TIPO_TECNOLOGIA_ID
TIPO_TECNOLOGIA;DESCRIPCION
TIPO_TENSION;TIPO_TENSION_ID
TIPO_TENSION;DESCRIPCION
TIPO_TOMA_TIERRA;TIPO_TOMA_TIERRA_ID
TIPO_TOMA_TIERRA;DESCRIPCION
TIRANTE;EMPRESA_ID
TIRANTE;PERIODO_STAR
TIRANTE;TIRANTE_ID
TIRANTE;COMUNA_ID
TIRANTE;NODO_IEC_ID
TIRANTE;TIPO_PROPIEDAD_ID
TIRANTE;EN_ZONA_CONCESION
TIRANTE;CONECTADA_RED
TIRANTE;IDENTIFICADOR_VNR
TIRANTE;FECHA_INSTALACION
TIRANTE;CODIGO_VNR
TIRANTE;PEEM_ID
TOMA_TIERRA;EMPRESA_ID
TOMA_TIERRA;PERIODO_STAR
TOMA_TIERRA;TOMA_TIERRA_ID
TOMA_TIERRA;COMUNA_ID
TOMA_TIERRA;NODO_IEC_ID
TOMA_TIERRA;TIPO_TENSION_ID
TOMA_TIERRA;TIPO_TOMA_TIERRA_ID
TOMA_TIERRA;TIPO_PROPIEDAD_ID
TOMA_TIERRA;EN_ZONA_CONCESION
TOMA_TIERRA;CONECTADA_RED
TOMA_TIERRA;IDENTIFICADOR_VNR
TOMA_TIERRA;FECHA_INSTALACION
TOMA_TIERRA;CODIGO_VNR
TOMA_TIERRA;PEEM_ID
TRAMO_BT;EMPRESA_ID
TRAMO_BT;PERIODO_STAR
TRAMO_BT;TRAMO_BT_ID
TRAMO_BT;TIPO_DISPOSICION_TRAMO_ID
TRAMO_BT;COMUNA_ID
TRAMO_BT;TIPO_PROPIEDAD_ID
TRAMO_BT;EN_ZONA_CONCESION
TRAMO_BT;CONECTADA_RED
TRAMO_BT;IDENTIFICADOR_VNR
TRAMO_BT;FECHA_INSTALACION
TRAMO_BT;CODIGO_VNR
TRAMO_BT;LARGO_RED
TRAMO_BT;NUMERO_FASES
TRAMO_BT;NOMBRE_FASES
TRAMO_BT;PEEM_ID
TRAMO_BT;GIS_ID
TRAMO_MT;EMPRESA_ID
TRAMO_MT;PERIODO_STAR
TRAMO_MT;TRAMO_MT_ID
TRAMO_MT;TIPO_DISPOSICION_TRAMO_ID
TRAMO_MT;COMUNA_ID
TRAMO_MT;TIPO_PROPIEDAD_ID
TRAMO_MT;EN_ZONA_CONCESION
TRAMO_MT;CONECTADA_RED
TRAMO_MT;IDENTIFICADOR_VNR
TRAMO_MT;FECHA_INSTALACION
TRAMO_MT;CODIGO_VNR
TRAMO_MT;LARGO_RED
TRAMO_MT;NUMERO_FASES
TRAMO_MT;NOMBRE_FASES
TRAMO_MT;PEEM_ID
TRAMO_MT;GIS_ID
TRANSFORMADOR;EMPRESA_ID
TRANSFORMADOR;PERIODO_STAR
TRANSFORMADOR;TRANSFORMADOR_ID
TRANSFORMADOR;NODO_ESQUEMATICO_ID
TRANSFORMADOR;COMUNA_ID
TRANSFORMADOR;NODO_IEC_ID
TRANSFORMADOR;TIPO_RURALIDAD_ID
TRANSFORMADOR;TIPO_PROPIEDAD_ID
TRANSFORMADOR;EN_ZONA_CONCESION
TRANSFORMADOR;CONECTADA_RED
TRANSFORMADOR;IDENTIFICADOR_VNR
TRANSFORMADOR;FECHA_INSTALACION
TRANSFORMADOR;CODIGO_VNR
TRANSFORMADOR;KVA
TRANSFORMADOR;PEEM_ID
TRANSFORMADOR;GIS_ID
TRANSFORMADOR_INTERRUPCION;EMPRESA_ID
TRANSFORMADOR_INTERRUPCION;PERIODO_STAR
TRANSFORMADOR_INTERRUPCION;INCIDENCIA_ID
TRANSFORMADOR_INTERRUPCION;TRANSFORMADOR_ID
TRANSFORMADOR_INTERRUPCION;INTERRUPCION_ID
TRANSFORMADOR_INTERRUPCION;BLOQUE_REPOSICION_ID
TRANSFORMADOR_INTERRUPCION;TIEMPO_INTERRUMPIDO
TRANSFORMADOR_INTERRUPCION;PEEM_ID
TRANSFORMADOR_TOPOLOGIA;EMPRESA_ID
TRANSFORMADOR_TOPOLOGIA;PERIODO_STAR
TRANSFORMADOR_TOPOLOGIA;INCIDENCIA_ID
TRANSFORMADOR_TOPOLOGIA;TRANSFORMADOR_ID
TRANSFORMADOR_TOPOLOGIA;NODO_INCIDENCIA_ID
TRANSFORMADOR_TOPOLOGIA;TIPO_RURALIDAD_ID
TRANSFORMADOR_TOPOLOGIA;SUBESTACION_INCIDENCIA_ID
TRANSFORMADOR_TOPOLOGIA;COMUNA_ID
TRANSFORMADOR_TOPOLOGIA;ACTIVO_INICIAL
TRANSFORMADOR_TOPOLOGIA;ACTIVO_FINAL
TRANSFORMADOR_TOPOLOGIA;ENERGIZADO_INICIAL
TRANSFORMADOR_TOPOLOGIA;ENERGIZADO_FINAL
TRANSFORMADOR_TOPOLOGIA;KVA_NOMINAL
TRANSFORMADOR_TOPOLOGIA;FECHA_INSTALACION
TRANSFORMADOR_TOPOLOGIA;PEEM_ID
T_CONSOLIDADO_INTERRUPCIONES;EMPRESA_ID
T_CONSOLIDADO_INTERRUPCIONES;PERIODO_STAR
T_CONSOLIDADO_INTERRUPCIONES;INTERRUPCION_ID
T_CONSOLIDADO_INTERRUPCIONES;CALIFICACION_INTERRUPCION_ID
T_CONSOLIDADO_INTERRUPCIONES;TIPO_ORIGEN_INTERRUPCION_ID
T_CONSOLIDADO_INTERRUPCIONES;SISTEMA_ELECTRICO_ID
T_CONSOLIDADO_INTERRUPCIONES;CAUSA_ID
T_CONSOLIDADO_INTERRUPCIONES;BLOQUE_REPOSICION_ID
T_CONSOLIDADO_INTERRUPCIONES;DURACION
T_CONSOLIDADO_INTERRUPCIONES;FH_TERMINO_BLOQUE
T_CONSOLIDADO_INTERRUPCIONES;FH_INICIO_INTERRUPCION
T_CONSOLIDADO_INTERRUPCIONES;INCIDENCIA_ID
T_CONSOLIDADO_INTERRUPCIONES;DESCRIPCION
T_CONSOLIDADO_INTERRUPCIONES;ALIMENTADOR_ID
T_CONSOLIDADO_INTERRUPCIONES;TIPO_RURALIDAD_ID
T_CONSOLIDADO_INTERRUPCIONES;CANTIDAD_AFECTADOS
T_CONSOLIDADO_INTERRUPCIONES;TIEMPO_AFECTADOS
T_CONSOLIDADO_INTERRUPCIONES;CANTIDAD_TRAFOS
T_CONSOLIDADO_INTERRUPCIONES;TIEMPO
T_CONSOLIDADO_INTERRUPCIONES;POTENCIA_AFECTADA
T_CONSOLIDADO_INTERRUPCIONES;BLOQUE_VARIOS_ALIM
T_CONSOLIDADO_INTERRUP_CGJ;PERIODO_STAR
T_CONSOLIDADO_INTERRUP_CGJ;EMPRESA_ID
T_CONSOLIDADO_INTERRUP_CGJ;SIGLA
T_CONSOLIDADO_INTERRUP_CGJ;NOMBRE_REGION
T_CONSOLIDADO_INTERRUP_CGJ;INTERRUPCION_ID
T_CONSOLIDADO_INTERRUP_CGJ;CALIFICACION
T_CONSOLIDADO_INTERRUP_CGJ;CAUSA
T_CONSOLIDADO_INTERRUP_CGJ;ALIMENTADOR_ID
T_CONSOLIDADO_INTERRUP_CGJ;NOMBRE_ALIMENTADOR
T_CONSOLIDADO_INTERRUP_CGJ;FH_INICIO_INTERRUPCION
T_CONSOLIDADO_INTERRUP_CGJ;FH_TERMINO_BLOQUE
T_CONSOLIDADO_INTERRUP_CGJ;CANTIDAD_AFECTADOS
T_CONSOLIDADO_INTERRUP_CGJ;TIEMPO_AFECTADOS
T_CONSOLIDADO_INTERRUP_CGJ;CANTIDAD_TRAFOS
T_CONSOLIDADO_INTERRUP_CGJ;POTENCIA_AFECTADA
T_CONSOLIDADO_INTERRUP_CGJ;KVA_INSTALADOS_R1
T_CONSOLIDADO_INTERRUP_CGJ;KVA_INSTALADOS_R2
T_CONSOLIDADO_INTERRUP_CGJ;KVA_INSTALADOS_U
T_CONSOLIDADO_INTERRUP_CGJ;CLIENTES_BT1
T_CONSOLIDADO_INTERRUP_CGJ;CLIENTES_OTROS_BT
T_CONSOLIDADO_INTERRUP_CGJ;CLIENTES_AT
T_CONSOLIDADO_INTERRUP_CGJ;CLIENTES_LIBRES
T_CONSOLIDADO_INTERRUP_CGJ;TIEMPO_INTERRUPCION_HH
T_CONSOLIDADO_INTERRUP_CGJ;CANTIDAD_INTERRUPCIONES
T_CONSOLIDADO_INTERRUP_CGJ_01;PERIODO_STAR
T_CONSOLIDADO_INTERRUP_CGJ_01;EMPRESA_ID
T_CONSOLIDADO_INTERRUP_CGJ_01;SIGLA
T_CONSOLIDADO_INTERRUP_CGJ_01;ALIMENTADOR_ID
T_CONSOLIDADO_INTERRUP_CGJ_01;NOMBRE_REGION
T_CONSOLIDADO_INTERRUP_CGJ_01;CALIFICACION_INTERRUPCION
T_CONSOLIDADO_INTERRUP_CGJ_01;CAUSA
T_CONSOLIDADO_INTERRUP_CGJ_01;CANTIDAD_PTOS_CONSUMOS
T_CONSOLIDADO_INTERRUP_CGJ_01;TIEMPO
T_CONSOLIDADO_INTERRUP_CGJ_01;CANTIDAD_TRAFOS
T_CONSOLIDADO_INTERRUP_CGJ_01;CANTIDAD_INTERRPCIONES
T_CONSOLIDADO_INTERRUP_CGJ_01;KVAS
T_CONSOLIDADO_INTERRUP_CGJ_02;PERIODO_STAR
T_CONSOLIDADO_INTERRUP_CGJ_02;SIGLA
T_CONSOLIDADO_INTERRUP_CGJ_02;EMPRESA_ID
T_CONSOLIDADO_INTERRUP_CGJ_02;ALIMENTADOR_ID
T_CONSOLIDADO_INTERRUP_CGJ_02;NOMBRE_ALIMENTADOR
T_CONSOLIDADO_INTERRUP_CGJ_02;NOMBRE_REGION
T_CONSOLIDADO_INTERRUP_CGJ_02;CALIFICACION_INTERRUPCION
T_CONSOLIDADO_INTERRUP_CGJ_02;CAUSA
T_CONSOLIDADO_INTERRUP_CGJ_02;CLIENTES_AFECTADOS
T_CONSOLIDADO_INTERRUP_CGJ_02;TIEMPO
T_CONSOLIDADO_INTERRUP_CGJ_02;TRAFOS
T_CONSOLIDADO_INTERRUP_CGJ_02;CANTIDAD_INTERRUPCIONES
T_CONSOLIDADO_INTERRUP_CGJ_02;KVAS
T_CONSOLIDADO_INTERRUP_CGJ_02;CLIENTES_BT1
T_CONSOLIDADO_INTERRUP_CGJ_02;CLIENTES_OTROS_BT
T_CONSOLIDADO_INTERRUP_CGJ_02;CLIENTES_AT
T_CONSOLIDADO_INTERRUP_CGJ_02;CLIENTES_LIBRES
T_CONSUMOS_AFECTADOS;EMPRESA_ID
T_CONSUMOS_AFECTADOS;INCIDENCIA_ID
T_CONSUMOS_AFECTADOS;INTERRUPCION_ID
T_CONSUMOS_AFECTADOS;BLOQUE_REPOSICION_ID
T_CONSUMOS_AFECTADOS;CANTIDAD_AFECTADOS
T_CONSUMOS_AFECTADOS;TOTAL_TIEMPO_AFECTADOS
T_INFO_BASE_INTERRUPCIONES;TIPO_ORIGEN_INTERRUPCION_ID
T_INFO_BASE_INTERRUPCIONES;SISTEMA_ELECTRICO_ID
T_INFO_BASE_INTERRUPCIONES;CAUSA_ID
T_INFO_BASE_INTERRUPCIONES;BLOQUE_REPOSICION_ID
T_INFO_BASE_INTERRUPCIONES;DURACION
T_INFO_BASE_INTERRUPCIONES;FH_TERMINO_BLOQUE
T_INFO_BASE_INTERRUPCIONES;FH_INICIO_INTERRUPCION
T_INFO_BASE_INTERRUPCIONES;INCIDENCIA_ID
T_INFO_BASE_INTERRUPCIONES;CAUSA
T_INFO_BASE_INTERRUPCIONES;EMPRESA_ID
T_INFO_BASE_INTERRUPCIONES;PERIODO_STAR
T_INFO_BASE_INTERRUPCIONES;INTERRUPCION_ID
T_INFO_BASE_INTERRUPCIONES;CALIFICACION_INTERRUPCION_ID
T_POTENCIA_AFECTADA;EMPRESA_ID
T_POTENCIA_AFECTADA;PERIODO_STAR
T_POTENCIA_AFECTADA;INCIDENCIA_ID
T_POTENCIA_AFECTADA;INTERRUPCION_ID
T_POTENCIA_AFECTADA;BLOQUE_REPOSICION_ID
T_POTENCIA_AFECTADA;ALIMENTADOR_INCIDENCIA_ID
T_POTENCIA_AFECTADA;TIPO_RURALIDAD_ID
T_POTENCIA_AFECTADA;CANTIDAD_TRAFOS
T_POTENCIA_AFECTADA;TIEMPO
T_POTENCIA_AFECTADA;POTENCIA_AFECTADA
T_VW_INTERRUPCION_RESUMEN;EMPRESA_ID
T_VW_INTERRUPCION_RESUMEN;PERIODO_STAR
T_VW_INTERRUPCION_RESUMEN;TIPO_RURALIDAD_ID
T_VW_INTERRUPCION_RESUMEN;TIPO_RURALIDAD
T_VW_INTERRUPCION_RESUMEN;INTERRUPCION_ID
T_VW_INTERRUPCION_RESUMEN;BLOQUE_REPOSICION_ID
T_VW_INTERRUPCION_RESUMEN;FH_INICIO_INTERRUPCION
T_VW_INTERRUPCION_RESUMEN;ALIMENTADOR_ID
T_VW_INTERRUPCION_RESUMEN;NOMBRE_ALIMENTADOR
T_VW_INTERRUPCION_RESUMEN;FH_TERMINO_BLOQUE
T_VW_INTERRUPCION_RESUMEN;DURACION
T_VW_INTERRUPCION_RESUMEN;CANTIDAD_TRAFOS
T_VW_INTERRUPCION_RESUMEN;KVA_AFECTADOS
T_VW_INTERRUPCION_RESUMEN;CLIENTES_AFECTADOS
T_VW_INTERRUPCION_RESUMEN;BLOQUE_VARIOS_ALIM
T_VW_INTERRUPCION_RESUMEN;CAUSA
T_VW_INTERRUPCION_RESUMEN;SUBCAUSA
T_VW_INTERRUPCION_RESUMEN;CALIFICACION
T_VW_INTERRUPCION_RESUMEN;MES_ANHO
VERTICE_CANALIZACION;EMPRESA_ID
VERTICE_CANALIZACION;PERIODO_STAR
VERTICE_CANALIZACION;CANALIZACION_ID
VERTICE_CANALIZACION;VERTICE_CANALIZACION_ID
VERTICE_CANALIZACION;NODO_IEC_ID
VERTICE_CANALIZACION;PEEM_ID
VERTICE_EMPALME;EMPRESA_ID
VERTICE_EMPALME;PERIODO_STAR
VERTICE_EMPALME;EMPALME_ID
VERTICE_EMPALME;VERTICE_EMPALME_ID
VERTICE_EMPALME;NODO_IEC_ID
VERTICE_EMPALME;PEEM_ID
VERTICE_TRAMO_BT;EMPRESA_ID
VERTICE_TRAMO_BT;PERIODO_STAR
VERTICE_TRAMO_BT;TRAMO_BT_ID
VERTICE_TRAMO_BT;VERTICE_TRAMO_BT_ID
VERTICE_TRAMO_BT;NODO_IEC_ID
VERTICE_TRAMO_BT;PEEM_ID
VERTICE_TRAMO_MT;EMPRESA_ID
VERTICE_TRAMO_MT;PERIODO_STAR
VERTICE_TRAMO_MT;TRAMO_MT_ID
VERTICE_TRAMO_MT;VERTICE_TRAMO_MT_ID
VERTICE_TRAMO_MT;NODO_IEC_ID
VERTICE_TRAMO_MT;PEEM_ID
VNR_CODIFICACION;TIPO_INSTALACION
VNR_CODIFICACION;CARACTER
VNR_CODIFICACION;LARGO
VNR_CODIFICACION;ITEM
VNR_CODIFICACION;CODIGO
VNR_CODIFICACION;OPCION_CODIGO
VNR_CODIFICACION;ID
ZONA_UTM;ZONA_UTM
